name,geometry.location.lat,geometry.location.lng
NOVA Cannabis Queen Street,43.6481102,-79.3983722
Canna Cabana - Yonge Street,43.6609178,-79.3825773
Canvas Cannabis,43.6795365,-79.3429082
Friendly Stranger Cannabis Culture Shop,43.6502928,-79.3885324
The Hunny Pot Cannabis Co.,43.6504769,-79.38896
Ameri,43.6710566,-79.38819629999999
Toronto Hemp Company (THC),43.6685222,-79.3857661
1922 Cannabis Retail,43.653998,-79.36946259999999
NOVA,43.6481102,-79.3983722
OCS,43.6626228,-79.3923222
My Quads | Premium Quads for sale & Cannabis Delivery Toronto,43.6651487,-79.41167449999999
Meta Cannabis Co.,43.6589081,-79.3823462
N-Cannabis,43.6824159,-79.3291086
Instant Cannabis Delivery | 1000 Strains Club,43.6481112,-79.3987504
K's Pot Shop,43.6642787,-79.3266417
Marijuana Dispensary,43.6640119,-79.34117839999999
Hobo Cannabis Company,43.65731419999999,-79.3815544
Vnella,43.65998279999999,-79.4439225
Gas Dank Cannabis Delivery Toronto | Same-Day Weed Delivery,43.6454203,-79.39389489999999
Tokyo Smoke 333 Yonge,43.6570197,-79.3804447
Satica Cannabis,43.665594,-79.4095102
Stickynuggz Inc,43.6968277,-79.4439974
Spiritleaf - Little Italy (Now Open!),43.65583729999999,-79.4116214
Uber Weed - Toronto Cannabis Delivery Dispensary,43.6699967,-79.3936512
Canyon Cannabis,43.65137680000001,-79.41126469999999
DUNDAS DISPENSARY,43.65137680000001,-79.41126469999999
AHLOT,43.65068180000001,-79.3917471
Medical Premium Weed,43.6669614,-79.32333059999999
Hemp delivery CFDFC Dispensary,43.6700094,-79.3439708
Marijuana Dispensary - Store Online,43.6559822,-79.43450059999999
COMING SOON: Tokyo Smoke 1303 Queen St E,43.6636474,-79.327907
Fire & Flower Cannabis Co. - Toronto Delivery,43.6440415,-79.4329901
Relm Cannabis Co,43.66699610000001,-79.3449873
The Green Closet Dispensary,43.6630421,-79.3673268
Cannabis Growth Opportunity Corporation,43.6497141,-79.38887799999999
Welcome Cannabis - Delivery & In-Store,43.6492853,-79.423318
Tokyo Smoke 570 Bloor St W,43.6652,-79.41184
Tokyo Smoke - THC Vape Shop,43.6569787,-79.3440601
Canvas Cannabis,43.6381221,-79.41815609999999
Tokyo Smoke,43.670157,-79.38618249999999
