name,location.address,location.lat,location.lng,location.city,location.state
Dessert De Mango,2516 S Halsted St,41.846649169921875,-87.64659118652344,Chicago,IL
Mango Mango Dessert,,41.853546,-87.63469,Chicago,IL
Relo's Board Game & Dessert Cafe,1321 W Taylor St,41.86921328706415,-87.66010791063307,Chicago,IL
Dessert Dealer,,41.883411,-87.64864,Chicago,IL
No Dessert Left Behind Event,1520 W Fulton Market,41.87810998022422,-87.66508940616454,Chicago,IL
5Th Floor Dessert Bar @ Ulc,,41.877878,-87.630067,Chicago,IL
Desserts Dujour,7440 Harrison St Ste B,41.87199775924266,-87.811546678703,Forest Park,IL
Indulgences Dessert Caterers,546 W Fullerton Pkwy,41.925871,-87.643295,Chicago,IL
Chicagos Dessert Company,3945 W Armitage Ave,41.916948,-87.725852,Chicago,IL
Sweet Miss Giving's Food Truck,,41.88604882573078,-87.65682220458984,Chicago,IL
Five Star Dessert,8559 S Constance Ave,41.738957,-87.579047,Chicago,IL
Dipsy Desserts,324 N Leavitt St,41.88777542114258,-87.68206787109375,Chicago,IL
Andersonville Dessert Crawl,,41.97787133771513,-87.66840745248967,Chicago,IL
Marked for Dessert,1812 W Greenleaf Ave,42.010508,-87.67633000000001,Chicago,IL
Lick Her Desserts,,41.83795186186501,-87.74367023430266,Chicago,IL
Treats Frozen Desserts,2200 N Clark St,41.92207717895508,-87.6384506225586,Chicago,IL
Jessica Ashley: Delectable Desserts,2300 North Lincoln Park West,41.92414474487305,-87.63665771484375,Chicago,IL
JR Dessert Bakery,2841 W Howard St,42.0191,-87.700991,Chicago,IL
Friedlob C Katering Desserts,507 W Briar Pl,41.93861389160156,-87.64191436767578,Chicago,IL
Athena's Silverland Desserts,439 Des Plaines Ave,41.878143,-87.814531,Forest Park,IL
Tasty Freeze,,41.715068,-87.783705,Chicago Ridge,IL
Lezza Spumoni & Desserts,4009 Saint Charles Rd,41.88898551362412,-87.88295235549423,Bellwood,IL
Lezza Spumoni & Desserts Inc.,4009 Saint Charles Rd,41.889019,-87.882694,Bellwood,IL
Dessertz,,41.876715,-88.064709,Glen Ellyn,IL
