name,geometry.location.lat,geometry.location.lng
Demetres Danforth,43.67774439999999,-79.35161939999999
Sweet Jesus,43.6595294,-79.3473607
La Diperie,43.6777025,-79.352265
The Dessert Kitchen 甜品工房,43.6627486,-79.4027979
FUGO Desserts,43.6548179,-79.3873606
Sweet Jesus,43.6472155,-79.3901633
Millie Patisserie,43.6465049,-79.39427839999999
Milk Bar Toronto,43.649474,-79.38632299999999
Summer's Ice Cream,43.6708127,-79.3920907
Roll Me Up Ice Cream & Desserts,43.7081897,-79.3435195
Millie Creperie,43.6548472,-79.39978889999999
CACAO 70 Eatery,43.6483055,-79.39801229999999
Funnel Cake Express,43.6651116,-79.3841751
La Diperie,43.67232550000001,-79.29019129999999
Tsujiri Dundas,43.6552562,-79.3854066
Pastel Creperie & Dessert House,43.776274,-79.4143909
Mango Like Desserts Toronto,43.6569169,-79.4031663
Carter's Ice Cream,43.6854513,-79.3152672
La Diperie,43.6452884,-79.41280909999999
Booyah,43.6815133,-79.41840859999999
