name,geometry.location.lat,geometry.location.lng
Roselle Desserts,43.65354320000001,-79.3620478
Decadent Desserts,43.6485595,-79.3826562
FUGO Desserts,43.6548179,-79.3873606
Demetres Danforth,43.67774439999999,-79.35161939999999
Millie Patisserie,43.6465049,-79.39427839999999
Milk Bar Toronto,43.649474,-79.38632299999999
Butter Baker,43.6556909,-79.38438
Nadège Patisserie,43.649972,-79.3832231
Nadège Patisserie,43.680075,-79.390596
Millie Creperie,43.6548472,-79.39978889999999
The Dessert Kitchen 甜品工房,43.6627486,-79.4027979
CACAO 70 Eatery,43.6483055,-79.39801229999999
Funnel Cake Express,43.6651116,-79.3841751
0109 Dessert & Chocolate,43.8144917,-79.29492220000002
Patchmon's Thai Desserts & More,43.6750785,-79.40650649999999
Nadège Patisserie,43.64578239999999,-79.4114118
Taiyaki NYC - Toronto,43.65572969999999,-79.3845864
Sukoi Desserts,43.646065,-79.4105019
Pastel Creperie & Dessert House,43.776274,-79.4143909
Purdys Chocolatier,43.6707118,-79.38653719999999
NUGATEAU PATISSERIE,43.6466576,-79.4060877
Mango Like Desserts Toronto,43.6569169,-79.4031663
Pavillion Pastries Cafe,43.6884951,-79.301842
Summer's Ice Cream,43.6708127,-79.3920907
Ed's Real Scoop - Beaches,43.672704,-79.28803599999999
Dessert Lady Bakery,43.671056,-79.38794399999999
Roll Me Up Ice Cream & Desserts,43.7081897,-79.3435195
Eva's Original Chimneys,43.66569639999999,-79.4090757
Hotel Gelato,43.7035431,-79.41435779999999
Wafels & More,43.65467200000001,-79.40190779999999
Poop Café,43.663853,-79.417665
Dessert Lady Cafe & Bakery,43.6686851,-79.3901274
Uncle Tetsu’s Japanese Bake,43.6559281,-79.3839924
Zane Patisserie,43.6684754,-79.30783989999999
Full House Desserts 滿記甜品 North York,43.759984,-79.4115394
Carole's Cheesecake Counter,43.7113201,-79.39958349999999
D Spot Dessert Cafe Scarborough,43.7228369,-79.289382
Rahier Patisserie,43.7057436,-79.3753426
Purdys Chocolatier,43.6476441,-79.3813253
Blackball Dessert Toronto黑丸嫩仙草,43.6622853,-79.3837757
Life is Sweet,43.6720469,-79.2894001
Premium Sweets Dessert Grill & Tea House,43.7218396,-79.28901429999999
Kensington Natural Bakery,43.6656568,-79.40919579999999
Kunafa's,43.7427155,-79.30537919999999
Snow Time,43.8062248,-79.2892866
Hattendo 八天堂,43.6559827,-79.3926865
Carter's Ice Cream,43.6854513,-79.3152672
YOGEN FRUZ,43.7238577,-79.33731430000002
Rocky Mountain Chocolate,43.6486068,-79.3821177
Beaches N' Cream,43.6665795,-79.2972965
Demetres Shops At Don Mills,43.7342324,-79.34644589999999
Bang Bang Ice Cream & Bakery,43.6462759,-79.4194492
Stubbe Chocolates & Pastry,43.671568,-79.4211809
Decadent Desserts,43.6464448,-79.378829
Athens Pastries,43.7739738,-79.3219328
Mocha Cafe and Pastry,43.6821291,-79.3301015
Dear & Fro,43.8066462,-79.28889199999999
Delysées Luxury Desserts,43.6476696,-79.3810141
CACAO 70 Eatery (Distillery),43.6501568,-79.36062729999999
D Spot Dessert Cafe Toronto,43.6620088,-79.38646109999999
